1,Darby Siflet,"14357 Welcome Way, Virginia Be",darby.siflet@rediffm,+1 733 064 0020
10,Quentin Aberkirdo,"299 Gable Place, Winston Salem",quentin.aberkirdo@ym,+1 671 029 0062
100,Sharity Treace,"4658 Sapelo Court, Tuscaloosa,",sharity.treace@web.d,+1 794 075 0042
101,Alice Smith,123 Maple St,alice@example.com,1234567890
102,Bob Johnson,456 Oak St,bob@example.com,9876543210
103,Charlie Brown,789 Pine St,charlie@example.com,1112223333
104,Daisy Adams,321 Elm St,daisy@example.com,4445556666
105,Eve Turner,654 Spruce St,eve@example.com,7778889999
106,Frank Davis,987 Birch Rd,frank@example.com,1231231234
107,Grace Lee,654 Cedar Ave,grace@example.com,3213214321
108,Hannah Martin,321 Walnut Blvd,hannah@example.com,5556667777
109,Ian Parker,456 Willow Ln,ian@example.com,8889990000
11,Ephraim Josephs,"13420 Trongon Terrace, Austin,",ephraim.josephs@yaho,+1 104 077 0000
110,Jackie Wright,789 Cherry Ct,jackie@example.com,1114445555
12,Ashlan Meldon,"10678 Zinnia Place, Chula Vist",ashlan.meldon@yahoo.,+1 227 025 0026
13,Eudora Stannis,"8677 Tybee Street, Lakeland, F",eudora.stannis@hotma,+1 136 020 0063
14,Nydia Corlett,"12242 Laveigne Road, Watertown",nydia.corlett@hotmai,+1 829 040 0000
15,Mervin Dysart,"911 Melissa Lane, New Castle, ",mervin.dysart@yahoo.,+1 478 072 0064
16,Samuel Getley,"3960 Holly Hill Avenue, Newpor",samuel.getley@yandex,+1 289 017 0065
17,Kliment Di Biasio,"7060 Arnsworth Avenue, Wilming",kliment.dibiasio@gma,+1 202 031 0005
18,Celestina Le Sieur,"11234 Kilmer Way, Fort Worth, ",celestina.lesieur@gm,+1 416 010 0003
19,Dorthea Mattiazzi,"14066 Ducksbury Street, Albuqu",dorthea.mattiazzi@ho,+1 105 039 0077
2,Linoel Boughey,"696 Ives Lane, Tempe, Arizona,",linoel.boughey@gmail,+1 001 070 0089
20,Alley Peterken,"8666 Betzer Place, Scottsdale,",alley.peterken@neuf.,+1 251 050 0063
21,Alvie Ardling,"12892 Spring Arbor Lane, Anahe",alvie.ardling@hotmai,+1 303 063 0008
22,Sher Gregersen,"9059 Fortaleza Drive, Davenpor",sher.gregersen@ig.co,+1 358 041 0019
226,John Watson,221B Baker Street,watson@example.com,555-1001
227,Hercule Poirot,Whitehaven Mansions,poirot@example.com,555-1002
228,Nancy Drew,River Heights,n.drew@example.com,555-1003
23,Jan Camoys,"682 Flossmoor Court, Peoria, I",jan.camoys@gmail.com,+1 903 076 0057
24,Warren Stafford,"803 Caltieri Court, Seattle, W",warren.stafford@gmai,+1 860 026 0057
25,Eddy Allenby,"5280 Parris Island Place, Chic",eddy.allenby@yahoo.c,+1 775 088 0048
26,Gibby Cancelier,"5727 Carvello Drive, Newark, N",gibby.cancelier@yaho,+1 559 027 0081
27,Albrecht Ciobutaru,"10885 Berry Lane, Peoria, Illi",albrecht.ciobutaru@g,+1 744 095 0002
28,April Alton,"14482 Arjay Court, Baton Rouge",april.alton@yahoo.co,+1 081 009 0010
29,Afton Leveritt,"5583 Nottingham Loop, Des Moin",afton.leveritt@yahoo,+1 664 023 0056
3,Aviva Arnaut,"9632 Tinsley Terrace, Flushing",aviva.arnaut@yandex.,+1 470 026 0039
30,Renault Barmadier,"8941 Joette Place, North Holly",renault.barmadier@gm,+1 138 008 0068
31,Hurleigh Uman,"5764 Cazaras Avenue, Littleton",hurleigh.uman@aol.co,+1 618 063 0048
32,Stephana Parken,"6597 Lime Grove Lane, Winston ",stephana.parken@gmai,+1 969 018 0002
33,Francois Pickburn,"5294 Estevez Drive, Charleston",francois.pickburn@ho,+1 537 062 0074
34,Mason Magor,"1423 Kramer Court, Charlotte, ",mason.magor@yahoo.co,+1 401 085 0085
35,Henrieta Cheng,"2736 Madeline Lane, Johnson Ci",henrieta.cheng@live.,+1 886 070 0017
36,Magdalena Hartle,"8712 Ventura Drive, Miami, Flo",magdalena.hartle@hot,+1 448 036 0009
37,Horacio Brundell,"14876 Rish Place, Albuquerque,",horacio.brundell@sbc,+1 827 010 0069
38,Mehetabel Halligan,"8416 Zeppelin Road, Aurora, Co",mehetabel.halligan@h,+1 711 027 0093
39,Shoshana Cicchitello,"6899 Van Patten Place, Lawrenc",shoshana.cicchitello,+1 070 095 0014
4,Lucie Spreull,"11014 Rabbit Run Path, Portlan",lucie.spreull@comcas,+1 351 005 0035
40,Bria Hickin,"11823 Nellie Road, Paterson, N",bria.hickin@web.de,+1 765 077 0053
41,Roger Lesper,"4076 Evanside Lane, Bozeman, M",roger.lesper@yahoo.c,+1 827 072 0023
42,Joeann Crenage,"3418 Buchanan Place, Columbus,",joeann.crenage@gmail,+1 356 061 0079
43,Dominick Veregan,"13863 Southfield Drive, Kansas",dominick.veregan@yah,+1 751 040 0061
44,Padget Oliver,"9041 Folsum Place, New Orleans",padget.oliver@yahoo.,+1 092 095 0077
45,Frasquito Hains,"2445 Sugarberry Lane, Atlanta,",frasquito.hains@hotm,+1 325 007 0043
46,Hillary Castanho,"3241 Mayflower Loop, Omaha, Ne",hillary.castanho@gma,+1 521 017 0078
47,Brod McMinn,"5071 Captiva Court, Dallas, Te",brod.mcminn@yahoo.co,+1 934 064 0070
48,Elonore Olden,"8983 Luraville Road, Davenport",elonore.olden@gmail.,+1 348 027 0036
49,Andrew Sandbatch,"8325 Irwin Way, Fort Myers, Fl",andrew.sandbatch@yah,+1 232 044 0076
5,Brockie Kaszper,"6851 Greenhill Trail, Lexingto",brockie.kaszper@hotm,+1 383 059 0060
50,Stephan Coysh,"10521 View Path, Minneapolis, ",stephan.coysh@ramble,+1 826 067 0015
51,Cal Sher,"7960 Helena Terrace, Saint Pau",cal.sher@gmail.com,+1 438 098 0061
52,Thadeus Valdes,"6791 Tarrson Blvd., Port Saint",thadeus.valdes@gmail,+1 405 064 0053
53,Giorgia Knewstubb,"4907 Greer Lane, Rochester, Ne",giorgia.knewstubb@ya,+1 640 031 0077
54,Terry Garmans,"8833 Kayla Court, San Antonio,",terry.garmans@orange,+1 685 035 0084
55,Evelyn Barrack,"12523 Ellie Lane, El Paso, Tex",evelyn.barrack@yahoo,+1 055 018 0053
56,Conant Lauridsen,"5279 Oak Meadows Lane, Memphis",conant.lauridsen@gma,+1 268 044 0007
57,Samantha Sommerville,"3734 Gerry Andrews Place, Nort",samantha.sommerville,+1 654 095 0019
58,Iago Bridgwater,"7671 Miller Place, Wilkes Barr",iago.bridgwater@live,+1 015 082 0060
59,Luciana Fehely,"7809 Gage Street, Pasadena, Ca",luciana.fehely@hotma,+1 588 037 0029
6,Ashli Ruckhard,"8148 Hux Court, Springfield, O",ashli.ruckhard@hotma,+1 182 009 0048
60,Ches Berka,"4444 Cook Place, Huntington, W",ches.berka@yahoo.com,+1 615 082 0008
61,Jimmy Hitcham,"10075 Halstead Terrace, Bismar",jimmy.hitcham@yahoo.,+1 571 060 0019
62,Marna O'Lunny,"13586 Mincey Loop, Austin, Tex",marna.olunny@gmail.c,+1 638 068 0054
63,Rubetta Gridon,"12646 Alexandria Place, Corpus",rubetta.gridon@gmail,+1 637 095 0048
64,Magnum Beauvais,"11929 Cordelia Place, Sandy, U",magnum.beauvais@gmai,+1 519 097 0088
65,Raf McGrirl,"1417 San Maria Street, Tucson,",raf.mcgrirl@hotmail.,+1 571 010 0096
66,Steve Andries,"11551 Bonneau Lane, Gainesvill",steve.andries@aol.co,+1 056 040 0014
67,Keene Bizley,"1574 Delwood Way, Washington, ",keene.bizley@yahoo.f,+1 528 075 0053
68,Arturo Bignold,"14970 Burroughs Road, Ogden, U",arturo.bignold@yahoo,+1 611 011 0070
69,Janaya Gorrissen,"8717 Raspberry Court, San Fran",janaya.gorrissen@yah,+1 980 069 0027
7,Clarinda Lindwall,"6426 Manserra Street, Montgome",clarinda.lindwall@gm,+1 271 078 0081
70,Elmore Kubin,"12251 Evans Prairie Trail, Wal",elmore.kubin@bigpond,+1 738 095 0089
71,Tansy Bollini,"12412 Natalino Road, Hartford,",tansy.bollini@gmail.,+1 449 015 0003
72,Thedrick Griffen,"13854 Timber Terrace, South Be",thedrick.griffen@yah,+1 347 032 0047
73,Samantha Saylor,"699 Cree Court, Washington, Di",samantha.saylor@aol.,+1 913 065 0087
74,Fara Necrews,"3790 Vanilla Leaf Place, San F",fara.necrews@gmail.c,+1 983 097 0094
75,Kirbee Watkiss,"3414 Hayward Path, Kansas City",kirbee.watkiss@hotma,+1 926 031 0072
76,Stuart Whybrow,"13728 Brookhaven Place, El Pas",stuart.whybrow@yahoo,+1 298 025 0053
77,Janice Antonio,"2007 Lesiege Lane, Winston Sal",janice.antonio@gmail,+1 347 006 0093
78,Nicole Blenkhorn,"7056 Dentsville Lane, Fort Way",nicole.blenkhorn@gma,+1 743 088 0003
79,Claudio Treacy,"2840 Brentwood Avenue, Dallas,",claudio.treacy@gmail,+1 235 056 0053
8,Corine Loughman,"10634 Creekside Way, Mesquite,",corine.loughman@gmai,+1 337 021 0060
80,Papagena Crier,"6138 Quartet Road, Memphis, Te",papagena.crier@hotma,+1 198 055 0003
81,Dominick Rowell,"3096 Satinwood Path, Augusta, ",dominick.rowell@gmai,+1 896 062 0081
82,Gerianna Rubury,"2043 Malachite Terrace, Tulsa,",gerianna.rubury@gmai,+1 584 018 0011
83,Rurik Sawle,"8062 Westmoreland Loop, Baltim",rurik.sawle@hotmail.,+1 751 078 0091
84,Carol-jean Volker,"12792 St. George Avenue, Lexin",caroljean.volker@yah,+1 802 054 0024
85,Fredia Bewick,"8678 Arbella Loop, Scottsdale,",fredia.bewick@yahoo.,+1 373 065 0098
86,Adaline Attyeo,"6001 Sierra Blanca Court, Denv",adaline.attyeo@gmail,+1 911 091 0062
87,Tom Seed,"12451 Dutchess Loop, Panama Ci",tom.seed@hotmail.com,+1 054 059 0075
88,Blythe Toone,"9212 Lussier Court, Prescott, ",blythe.toone@hotmail,+1 367 041 0022
89,Corabella MacGuiness,"11898 Bessie Way, Miami, Flori",corabella.macguiness,+1 497 065 0088
9,Abelard Windley,"16 Mayhurst Lane, Toledo, Ohio",abelard.windley@yaho,+1 834 058 0088
90,Genna Barthropp,"4989 Tropical Terrace, Montgom",genna.barthropp@hotm,+1 667 031 0078
91,Ernst Sydall,"10898 Bluffton Road, Washingto",ernst.sydall@yahoo.c,+1 041 050 0023
92,Natka Gosnall,"7179 Mcdonald Court, Duluth, M",natka.gosnall@gmail.,+1 922 038 0016
93,Bondie Mitkin,"6415 Nueva Place, Pinellas Par",bondie.mitkin@hotmai,+1 702 013 0018
94,Dennie Beresford,"679 Davit Place, Washington, D",dennie.beresford@gma,+1 539 029 0058
95,Biddy Joist,"2649 Hibernia Lane, Orange, Ca",biddy.joist@wanadoo.,+1 059 097 0040
96,Gennie Wallwood,"4344 Drayton Place, Shawnee Mi",gennie.wallwood@hotm,+1 331 060 0071
97,Jeniece Elgee,"663 Skinner Street, Pittsburgh",jeniece.elgee@hotmai,+1 645 039 0009
98,Niles Renbold,"4005 Olympia Street, Charlotte",niles.renbold@hotmai,+1 835 002 0089
99,Nessi Grimsdale,"339 Chesnee Place, Milwaukee, ",nessi.grimsdale@hotm,+1 232 039 0063
