User_ID,Name,Address,Email,Phone_Number
1,Darby Siflet,"14357 Welcome Way, Virginia Beach, Virginia, United States, 23454",darby.siflet@rediffmail.com,+1 733 064 0020
2,Linoel Boughey,"696 Ives Lane, Tempe, Arizona, United States, 85284",linoel.boughey@gmail.com,+1 001 070 0089
3,Aviva Arnaut,"9632 Tinsley Terrace, Flushing, New York, United States, 11355",aviva.arnaut@yandex.ru,+1 470 026 0039
4,Lucie Spreull,"11014 Rabbit Run Path, Portland, Oregon, United States, 97232",lucie.spreull@comcast.net,+1 351 005 0035
5,Brockie Kaszper,"6851 Greenhill Trail, Lexington, Kentucky, United States, 40546",brockie.kaszper@hotmail.com,+1 383 059 0060
6,Ashli Ruckhard,"8148 Hux Court, Springfield, Ohio, United States, 45505",ashli.ruckhard@hotmail.com,+1 182 009 0048
7,Clarinda Lindwall,"6426 Manserra Street, Montgomery, Alabama, United States, 36104",clarinda.lindwall@gmail.com,+1 271 078 0081
8,Corine Loughman,"10634 Creekside Way, Mesquite, Texas, United States, 75185",corine.loughman@gmail.com,+1 337 021 0060
9,Abelard Windley,"16 Mayhurst Lane, Toledo, Ohio, United States, 43666",abelard.windley@yahoo.com,+1 834 058 0088
10,Quentin Aberkirdo,"299 Gable Place, Winston Salem, North Carolina, United States, 27105",quentin.aberkirdo@ymail.com,+1 671 029 0062
11,Ephraim Josephs,"13420 Trongon Terrace, Austin, Texas, United States, 78732",ephraim.josephs@yahoo.com,+1 104 077 0000
12,Ashlan Meldon,"10678 Zinnia Place, Chula Vista, California, United States, 91913",ashlan.meldon@yahoo.com,+1 227 025 0026
13,Eudora Stannis,"8677 Tybee Street, Lakeland, Florida, United States, 33811",eudora.stannis@hotmail.com,+1 136 020 0063
14,Nydia Corlett,"12242 Laveigne Road, Watertown, Massachusetts, United States, 02472",nydia.corlett@hotmail.com,+1 829 040 0000
15,Mervin Dysart,"911 Melissa Lane, New Castle, Pennsylvania, United States, 16107",mervin.dysart@yahoo.com,+1 478 072 0064
16,Samuel Getley,"3960 Holly Hill Avenue, Newport News, Virginia, United States, 23612",samuel.getley@yandex.ru,+1 289 017 0065
17,Kliment Di Biasio,"7060 Arnsworth Avenue, Wilmington, North Carolina, United States, 28405",kliment.dibiasio@gmail.com,+1 202 031 0005
18,Celestina Le Sieur,"11234 Kilmer Way, Fort Worth, Texas, United States, 76105",celestina.lesieur@gmail.com,+1 416 010 0003
19,Dorthea Mattiazzi,"14066 Ducksbury Street, Albuquerque, New Mexico, United States, 87115",dorthea.mattiazzi@hotmail.com,+1 105 039 0077
20,Alley Peterken,"8666 Betzer Place, Scottsdale, Arizona, United States, 85271",alley.peterken@neuf.fr,+1 251 050 0063
21,Alvie Ardling,"12892 Spring Arbor Lane, Anaheim, California, United States, 92825",alvie.ardling@hotmail.co.uk,+1 303 063 0008
22,Sher Gregersen,"9059 Fortaleza Drive, Davenport, Iowa, United States, 52809",sher.gregersen@ig.com.br,+1 358 041 0019
23,Jan Camoys,"682 Flossmoor Court, Peoria, Illinois, United States, 61614",jan.camoys@gmail.com,+1 903 076 0057
24,Warren Stafford,"803 Caltieri Court, Seattle, Washington, United States, 98133",warren.stafford@gmail.com,+1 860 026 0057
25,Eddy Allenby,"5280 Parris Island Place, Chicago, Illinois, United States, 60641",eddy.allenby@yahoo.com,+1 775 088 0048
26,Gibby Cancelier,"5727 Carvello Drive, Newark, New Jersey, United States, 07112",gibby.cancelier@yahoo.fr,+1 559 027 0081
27,Albrecht Ciobutaru,"10885 Berry Lane, Peoria, Illinois, United States, 61656",albrecht.ciobutaru@gmail.com,+1 744 095 0002
28,April Alton,"14482 Arjay Court, Baton Rouge, Louisiana, United States, 70805",april.alton@yahoo.com,+1 081 009 0010
29,Afton Leveritt,"5583 Nottingham Loop, Des Moines, Iowa, United States, 50310",afton.leveritt@yahoo.com,+1 664 023 0056
30,Renault Barmadier,"8941 Joette Place, North Hollywood, California, United States, 91616",renault.barmadier@gmail.com,+1 138 008 0068
31,Hurleigh Uman,"5764 Cazaras Avenue, Littleton, Colorado, United States, 80126",hurleigh.uman@aol.com,+1 618 063 0048
32,Stephana Parken,"6597 Lime Grove Lane, Winston Salem, North Carolina, United States, 27157",stephana.parken@gmail.com,+1 969 018 0002
33,Francois Pickburn,"5294 Estevez Drive, Charleston, West Virginia, United States, 25326",francois.pickburn@hotmail.com,+1 537 062 0074
34,Mason Magor,"1423 Kramer Court, Charlotte, North Carolina, United States, 28235",mason.magor@yahoo.co.uk,+1 401 085 0085
35,Henrieta Cheng,"2736 Madeline Lane, Johnson City, Tennessee, United States, 37605",henrieta.cheng@live.com,+1 886 070 0017
36,Magdalena Hartle,"8712 Ventura Drive, Miami, Florida, United States, 33169",magdalena.hartle@hotmail.com,+1 448 036 0009
37,Horacio Brundell,"14876 Rish Place, Albuquerque, New Mexico, United States, 87105",horacio.brundell@sbcglobal.net,+1 827 010 0069
38,Mehetabel Halligan,"8416 Zeppelin Road, Aurora, Colorado, United States, 80015",mehetabel.halligan@hotmail.co.uk,+1 711 027 0093
39,Shoshana Cicchitello,"6899 Van Patten Place, Lawrenceville, Georgia, United States, 30045",shoshana.cicchitello@hotmail.com,+1 070 095 0014
40,Bria Hickin,"11823 Nellie Road, Paterson, New Jersey, United States, 07544",bria.hickin@web.de,+1 765 077 0053
41,Roger Lesper,"4076 Evanside Lane, Bozeman, Montana, United States, 59771",roger.lesper@yahoo.com,+1 827 072 0023
42,Joeann Crenage,"3418 Buchanan Place, Columbus, Ohio, United States, 43284",joeann.crenage@gmail.com,+1 356 061 0079
43,Dominick Veregan,"13863 Southfield Drive, Kansas City, Missouri, United States, 64101",dominick.veregan@yahoo.com,+1 751 040 0061
44,Padget Oliver,"9041 Folsum Place, New Orleans, Louisiana, United States, 70165",padget.oliver@yahoo.com,+1 092 095 0077
45,Frasquito Hains,"2445 Sugarberry Lane, Atlanta, Georgia, United States, 30386",frasquito.hains@hotmail.com,+1 325 007 0043
46,Hillary Castanho,"3241 Mayflower Loop, Omaha, Nebraska, United States, 68134",hillary.castanho@gmail.com,+1 521 017 0078
47,Brod McMinn,"5071 Captiva Court, Dallas, Texas, United States, 75277",brod.mcminn@yahoo.com,+1 934 064 0070
48,Elonore Olden,"8983 Luraville Road, Davenport, Iowa, United States, 52809",elonore.olden@gmail.com,+1 348 027 0036
49,Andrew Sandbatch,"8325 Irwin Way, Fort Myers, Florida, United States, 33906",andrew.sandbatch@yahoo.co.uk,+1 232 044 0076
50,Stephan Coysh,"10521 View Path, Minneapolis, Minnesota, United States, 55423",stephan.coysh@rambler.ru,+1 826 067 0015
51,Cal Sher,"7960 Helena Terrace, Saint Paul, Minnesota, United States, 55108",cal.sher@gmail.com,+1 438 098 0061
52,Thadeus Valdes,"6791 Tarrson Blvd., Port Saint Lucie, Florida, United States, 34985",thadeus.valdes@gmail.com,+1 405 064 0053
53,Giorgia Knewstubb,"4907 Greer Lane, Rochester, New York, United States, 14683",giorgia.knewstubb@yahoo.es,+1 640 031 0077
54,Terry Garmans,"8833 Kayla Court, San Antonio, Texas, United States, 78265",terry.garmans@orange.fr,+1 685 035 0084
55,Evelyn Barrack,"12523 Ellie Lane, El Paso, Texas, United States, 79905",evelyn.barrack@yahoo.co.uk,+1 055 018 0053
56,Conant Lauridsen,"5279 Oak Meadows Lane, Memphis, Tennessee, United States, 38131",conant.lauridsen@gmail.com,+1 268 044 0007
57,Samantha Sommerville,"3734 Gerry Andrews Place, North Hollywood, California, United States, 91616",samantha.sommerville@gmail.com,+1 654 095 0019
58,Iago Bridgwater,"7671 Miller Place, Wilkes Barre, Pennsylvania, United States, 18768",iago.bridgwater@live.co.uk,+1 015 082 0060
59,Luciana Fehely,"7809 Gage Street, Pasadena, California, United States, 91131",luciana.fehely@hotmail.com,+1 588 037 0029
60,Ches Berka,"4444 Cook Place, Huntington, West Virginia, United States, 25775",ches.berka@yahoo.com,+1 615 082 0008
61,Jimmy Hitcham,"10075 Halstead Terrace, Bismarck, North Dakota, United States, 58505",jimmy.hitcham@yahoo.com,+1 571 060 0019
62,Marna O'Lunny,"13586 Mincey Loop, Austin, Texas, United States, 78737",marna.olunny@gmail.com,+1 638 068 0054
63,Rubetta Gridon,"12646 Alexandria Place, Corpus Christi, Texas, United States, 78470",rubetta.gridon@gmail.com,+1 637 095 0048
64,Magnum Beauvais,"11929 Cordelia Place, Sandy, Utah, United States, 84093",magnum.beauvais@gmail.com,+1 519 097 0088
65,Raf McGrirl,"1417 San Maria Street, Tucson, Arizona, United States, 85705",raf.mcgrirl@hotmail.com,+1 571 010 0096
66,Steve Andries,"11551 Bonneau Lane, Gainesville, Florida, United States, 32627",steve.andries@aol.com,+1 056 040 0014
67,Keene Bizley,"1574 Delwood Way, Washington, District of Columbia, United States, 20575",keene.bizley@yahoo.fr,+1 528 075 0053
68,Arturo Bignold,"14970 Burroughs Road, Ogden, Utah, United States, 84409",arturo.bignold@yahoo.es,+1 611 011 0070
69,Janaya Gorrissen,"8717 Raspberry Court, San Francisco, California, United States, 94116",janaya.gorrissen@yahoo.com,+1 980 069 0027
70,Elmore Kubin,"12251 Evans Prairie Trail, Waltham, Massachusetts, United States, 02453",elmore.kubin@bigpond.net.au,+1 738 095 0089
71,Tansy Bollini,"12412 Natalino Road, Hartford, Connecticut, United States, 06152",tansy.bollini@gmail.com,+1 449 015 0003
72,Thedrick Griffen,"13854 Timber Terrace, South Bend, Indiana, United States, 46614",thedrick.griffen@yahoo.com,+1 347 032 0047
73,Samantha Saylor,"699 Cree Court, Washington, District of Columbia, United States, 20099",samantha.saylor@aol.com,+1 913 065 0087
74,Fara Necrews,"3790 Vanilla Leaf Place, San Francisco, California, United States, 94142",fara.necrews@gmail.com,+1 983 097 0094
75,Kirbee Watkiss,"3414 Hayward Path, Kansas City, Missouri, United States, 64190",kirbee.watkiss@hotmail.com,+1 926 031 0072
76,Stuart Whybrow,"13728 Brookhaven Place, El Paso, Texas, United States, 88530",stuart.whybrow@yahoo.com,+1 298 025 0053
77,Janice Antonio,"2007 Lesiege Lane, Winston Salem, North Carolina, United States, 27105",janice.antonio@gmail.com,+1 347 006 0093
78,Nicole Blenkhorn,"7056 Dentsville Lane, Fort Wayne, Indiana, United States, 46896",nicole.blenkhorn@gmail.com,+1 743 088 0003
79,Claudio Treacy,"2840 Brentwood Avenue, Dallas, Texas, United States, 75221",claudio.treacy@gmail.com,+1 235 056 0053
80,Papagena Crier,"6138 Quartet Road, Memphis, Tennessee, United States, 38109",papagena.crier@hotmail.com,+1 198 055 0003
81,Dominick Rowell,"3096 Satinwood Path, Augusta, Georgia, United States, 30919",dominick.rowell@gmail.com,+1 896 062 0081
82,Gerianna Rubury,"2043 Malachite Terrace, Tulsa, Oklahoma, United States, 74126",gerianna.rubury@gmail.com,+1 584 018 0011
83,Rurik Sawle,"8062 Westmoreland Loop, Baltimore, Maryland, United States, 21281",rurik.sawle@hotmail.com,+1 751 078 0091
84,Carol-jean Volker,"12792 St. George Avenue, Lexington, Kentucky, United States, 40524",caroljean.volker@yahoo.com,+1 802 054 0024
85,Fredia Bewick,"8678 Arbella Loop, Scottsdale, Arizona, United States, 85260",fredia.bewick@yahoo.com,+1 373 065 0098
86,Adaline Attyeo,"6001 Sierra Blanca Court, Denver, Colorado, United States, 80262",adaline.attyeo@gmail.com,+1 911 091 0062
87,Tom Seed,"12451 Dutchess Loop, Panama City, Florida, United States, 32412",tom.seed@hotmail.com,+1 054 059 0075
88,Blythe Toone,"9212 Lussier Court, Prescott, Arizona, United States, 86305",blythe.toone@hotmail.com,+1 367 041 0022
89,Corabella MacGuiness,"11898 Bessie Way, Miami, Florida, United States, 33111",corabella.macguiness@bellsouth.net,+1 497 065 0088
90,Genna Barthropp,"4989 Tropical Terrace, Montgomery, Alabama, United States, 36134",genna.barthropp@hotmail.com,+1 667 031 0078
91,Ernst Sydall,"10898 Bluffton Road, Washington, District of Columbia, United States, 20057",ernst.sydall@yahoo.com,+1 041 050 0023
92,Natka Gosnall,"7179 Mcdonald Court, Duluth, Minnesota, United States, 55811",natka.gosnall@gmail.com,+1 922 038 0016
93,Bondie Mitkin,"6415 Nueva Place, Pinellas Park, Florida, United States, 34665",bondie.mitkin@hotmail.com,+1 702 013 0018
94,Dennie Beresford,"679 Davit Place, Washington, District of Columbia, United States, 20430",dennie.beresford@gmail.com,+1 539 029 0058
95,Biddy Joist,"2649 Hibernia Lane, Orange, California, United States, 92867",biddy.joist@wanadoo.fr,+1 059 097 0040
96,Gennie Wallwood,"4344 Drayton Place, Shawnee Mission, Kansas, United States, 66276",gennie.wallwood@hotmail.com,+1 331 060 0071
97,Jeniece Elgee,"663 Skinner Street, Pittsburgh, Pennsylvania, United States, 15286",jeniece.elgee@hotmail.com,+1 645 039 0009
98,Niles Renbold,"4005 Olympia Street, Charlotte, North Carolina, United States, 28284",niles.renbold@hotmail.co.uk,+1 835 002 0089
99,Nessi Grimsdale,"339 Chesnee Place, Milwaukee, Wisconsin, United States, 53234",nessi.grimsdale@hotmail.com,+1 232 039 0063
100,Sharity Treace,"4658 Sapelo Court, Tuscaloosa, Alabama, United States, 35405",sharity.treace@web.de,+1 794 075 0042
